#,Product Name,ASIN,Brand,Category,Price (£),Rank,Mo. Sales,Revenue (£),Reviews,First review date,Rating,Weight (lbs),Url
1,Just4baby Foldable & Adjustable Home & Travel Baby Bather Bath Seat UK Seller (Aqua Bather 285),B08776527R,just 4 baby,Baby Products,17.99,2978,105,1889,0,--,3.6,1.28,https://www.amazon.co.uk/dp/B08776527R/
2,Summer Infant Clean Rinse Baby Bather Teal,B07Q2F4WX2,Summer Infant,Baby Products,22.6,7142,34,768,12,Jul 26 2019,3.9,1.15,https://www.amazon.co.uk/dp/B07Q2F4WX2/
3,"Baby Bathing Tubs Seats Bather Pillow Folding Bath Chairs, Shower Racks, Bath Beds, Bath Racks (Blue)",B01MG0ZFCQ,LyDecor,Baby Products,0,37839,6,,8,Aug 22 2018,3.6,N/A,https://www.amazon.co.uk/dp/B01MG0ZFCQ/
4,"Baby Bather Infant Bath Pad, Moonvvin Floating Soft Baby Bath Pillow & Lounger Newborn Pad Tub Cushion (Blue)",B078844LGR,Moonvvin,Baby Products,15.99,1749,189,3022,666,Mar 13 2018,4.3,0.26,https://www.amazon.co.uk/dp/B078844LGR/
5,Baby Bath Pad Newborn Baby Bathtub Pillow Floating No-Slip Baby Bather Infant Bath Pad Support Cushion Mat for Newborn 0-12 Months Blue,B07ZTKMHCD,summerkimy,Baby Products,0,4086,59,,0,--,4.4,N/A,https://www.amazon.co.uk/dp/B07ZTKMHCD/
6,"Baby Bath Cushion, Newborn Baby Bath Pillow Mat Infant Sponge Shower Pad Seat",B07MVDD8SB,Cozyhoma,Baby Products,12.99,9956,24,312,2,Apr 26 2019,5.0,0.26,https://www.amazon.co.uk/dp/B07MVDD8SB/
7,Angelcare Soft Touch Bath Support - Aqua,B00AWMV9CY,Angelcare,Baby Products,22.95,160,1012,23225,1339,Mar 18 2013,4.7,0.75,https://www.amazon.co.uk/dp/B00AWMV9CY/
8,"Mothercare Baby Bather, Grey Stars",B07MVMQGMZ,Mothercare,Baby Products,0,72167,3,,16,,4.4,1.2,https://www.amazon.co.uk/dp/B07MVMQGMZ/
9,Summer Infant Fold n Store Bath Sling,B00EDK8U8M,Summer Infant,Baby Products,0,22512,11,,139,Oct 29 2013,3.0,0.34,https://www.amazon.co.uk/dp/B00EDK8U8M/
10,"Baby Bath Pad Mat, 4EVERHOPE Soft Bath Pillow Newborn Bath Tub Cushion (Blue)",B07CWC4GMD,4EVERHOPE,Baby Products,15.83,7382,33,522,159,,4.3,0.24,https://www.amazon.co.uk/dp/B07CWC4GMD/
11,Skip Hop Moby Softspot Sink Bather,B077MBL7JK,Skip Hop,Baby Products,29.9,13381,18,538,431,Feb 9 2019,4.5,0.18,https://www.amazon.co.uk/dp/B077MBL7JK/
12,"Baby Bather Infant Bath Pad, FuliMall Floating Soft Baby Bath Pillow & Lounger Newborn Pad Tub Cushion",B07QQBGZP1,FuliMall,Baby Products,0,58816,4,,16,,4.6,0.34,https://www.amazon.co.uk/dp/B07QQBGZP1/
13,Shnuggle Baby Bath with Bum Bump Support and Cosy Foam Back Rest,B00SNM4KS0,Shnuggle,Baby Products,20.99,45,2137,44856,3021,Sep 11 2015,4.7,1.12,https://www.amazon.co.uk/dp/B00SNM4KS0/
14,Babyway Newborn Layback Bath Support Seat 4x Suction Pad,B07MJCB2PB,Babyway,Baby Products,8.99,5685,42,378,11,Dec 16 2019,4.0,0.6,https://www.amazon.co.uk/dp/B07MJCB2PB/
15,"Moni, Baby Bathtub Couch Rory, Bathtub seat, Soft Cushion, 2 Sitting Positions, Colour:Pink",B084KY2DV3,Moni,--,0,N/A,,,0,--,3.6,1.11,https://www.amazon.co.uk/dp/B084KY2DV3/
16,"Josopa Baby Bath Tub Pad, Newborn Bathtub Pad, Infant Tub Cushion Seat Anti-Slip Bathtub Pad,Baby Shower Floating Bather Bed",B0859YPN8V,Josopa,Baby Products,12.99,105510,2,26,0,--,4.4,0.28,https://www.amazon.co.uk/dp/B0859YPN8V/
17,ZZYOU Summer Baby Bathing Tubs Seats Baby Bather Folding Bath Chairs Infant Bath Beds Bath Racks (Blue),B07D6TFBM7,ZZYOU,Baby Products,0,122035,2,,0,--,4.4,N/A,https://www.amazon.co.uk/dp/B07D6TFBM7/
18,iiniim Baby Girls One Piece Striped Zip Rash Guard Swimsuit Sun Protection Swimwear Wetsuit UPF 50+ Swimming Costume,B07RX15W55,iiniim,Clothing,11.95,42833,48,574,2,,5.0,N/A,https://www.amazon.co.uk/dp/B07RX15W55/
19,"Skip Hop Moby Smart Sling 3-Stage Baby Bath Tub, Blue",B01AFQI3J8,Skip Hop,Baby Products,30.95,656,399,12349,1588,Oct 11 2016,4.7,1.36,https://www.amazon.co.uk/dp/B01AFQI3J8/
20,Summer Infant Warming Waterfall Bather,B016Q0ZQMO,Summer Infant,Baby Products,18.99,227737,1,19,17,,3.0,1.59,https://www.amazon.co.uk/dp/B016Q0ZQMO/
21,Angelcare Soft Touch Baby Bath Support - Pink,B00HBR7KUI,Angelcare,Baby Products,22.95,251,770,17672,500,Jan 28 2014,4.7,0.74,https://www.amazon.co.uk/dp/B00HBR7KUI/
22,"Safety 1st Anatomic Baby Bath Cradle for Safe Bathing, Suitable for New-borns, 0-6 Months, White/Lime",B0187EF0DC,Safety 1st,Baby Products,9.99,11017,22,220,96,Jul 16 2016,4.1,0.34,https://www.amazon.co.uk/dp/B0187EF0DC/
23,Angelcare Baby Bath Support in Grey,B07LD1MGKK,Angelcare,Baby Products,27.99,434,533,14919,109,Mar 13 2019,4.8,0.78,https://www.amazon.co.uk/dp/B07LD1MGKK/
24,"Baby Bath Flower Support Lounger Sink Bathtub Cushion Pad for Newborn Christening, Birthday Party Towelling Safety (0-6 Months Infant) (Yellow)",B07V5LXL4Q,Your's Bath,Baby Products,0,12336,20,,28,Sep 24 2019,4.0,N/A,https://www.amazon.co.uk/dp/B07V5LXL4Q/
25,"Nuby Baby Bath with Built in Seat and Soft Headrest, White and Grey",B07KRWYWM1,Nuby,Baby Products,17.99,585,432,7772,663,Jan 26 2019,4.8,1.02,https://www.amazon.co.uk/dp/B07KRWYWM1/
26,Skip Hop Moby Waterfall Rinser,B00FXR5S20,Skip Hop,Baby Products,6,112,1222,7332,4981,Jan 16 2016,4.6,0.12,https://www.amazon.co.uk/dp/B00FXR5S20/
27,Disney Kids 3&nbsp;piece swim suit set for babies.,B01LYK1B9G,Disney,Clothing,15,26996,58,870,9,Jul 8 2018,3.4,N/A,https://www.amazon.co.uk/dp/B01LYK1B9G/
28,"Baby Bath Support Seat, Newborn Shower Mesh for Bathtub, Adjustable Comfortable Non-Slip Bath Seat for Infant 0-3 Years (Green)",B07C9CX8HW,Yibidys,Baby Products,0,3523,80,,165,Sep 21 2018,4.2,0.12,https://www.amazon.co.uk/dp/B07C9CX8HW/
29,GREENWISH Soft Baby Bath Pillow Pad Infant Lounger Air Cushion Floating Bather Bathtub Pad Baby Bath Helper Anti-Slip Bath Cushion Lounger Insert for 0-6 Month Infant Bath,B086PBR55R,GREENWISH,Baby Products,9.55,74568,3,29,0,--,0.0,0.29,https://www.amazon.co.uk/dp/B086PBR55R/
30,BabyDam Baby Bath Support - White,B07QR4X9R9,BabyDam,Baby Products,11.99,1151,267,3201,30,Jan 3 2020,4.4,0.42,https://www.amazon.co.uk/dp/B07QR4X9R9/
31,Agoky Baby Girls One Piece Cartoon Patterned Short Sleeves Swimming Costume Rash Guard UPF 50+,B07RQT3P1D,Agoky,Clothing,4.35,36190,51,222,7,,4.3,N/A,https://www.amazon.co.uk/dp/B07RQT3P1D/
32,"Summer Infant Deluxe Baby Bather, Dolphin Dive",B01N6FYQ8E,Summer Infant,--,0,N/A,,,2374,,3.9,0,https://www.amazon.co.uk/dp/B01N6FYQ8E/
33,"Komake Baby Bath Support, Adjustable Bath Seat Support Net Non-Slip Baby Bath Seat Sling Hammock Comfortable Baby Bath Mesh Accessories Safety for Bathtub Infant Newborn Bathing (Blue)",B081KZY65B,Komake,Baby Products,8.59,27057,9,77,11,Jan 8 2020,4.3,0.12,https://www.amazon.co.uk/dp/B081KZY65B/
34,iiniim Baby Girls One Piece Zip Rash Guard Sun Protection Swimsuit Swimwear Wetsuit UPF 50+,B07TB5VTFK,iiniim,Clothing,5.65,14367,82,463,31,,4.5,N/A,https://www.amazon.co.uk/dp/B07TB5VTFK/
35,"June# Baby Floating Pillow - Baby Protected Pillow Bath Pad, Lounger Air Cushion Floating Bather Bathtub Pad Soft Bathing Cushion",B07TM2B9M9,June#,Baby Products,11.66,87561,3,35,0,--,4.3,N/A,https://www.amazon.co.uk/dp/B07TM2B9M9/
36,"Baby Bath Suppport, HBF Adjustable Bath Seat Support Net High Quality Comfortable Baby Bath Support Sling Hammock Net",B075F4DCP8,HBF,Baby Products,6.59,5892,41,270,314,May 25 2018,3.8,0.1,https://www.amazon.co.uk/dp/B075F4DCP8/
37,"Cheeky Rascals Baby Bath Support Seat, Use From Newborn Up To 6 Months, White/Grey",B079Z87ZRQ,Cheeky Rascals Ltd,Baby Products,21.95,8904,27,593,8,Sep 22 2018,4.8,0.6,https://www.amazon.co.uk/dp/B079Z87ZRQ/
38,"Asunflower Baby Bath Seat Support Net, Comfortable Bathtub Cradle Sling Mesh Adjustable Safety Shower Mesh for Infant Newborn Bathing (Green)",B07PXK6N8P,Asunflower,Baby Products,0,63992,4,,7,,4.3,0.14,https://www.amazon.co.uk/dp/B07PXK6N8P/
39,"Doolland Baby Bather Bath Pad, Soft Floating Anti-Slip Bath Cushion Protective Support Bathtub Seat Pad for Newborn (Rosy)",B07VG1MF8N,Doolland,Baby Products,0,204078,1,,1,,1.0,0.31,https://www.amazon.co.uk/dp/B07VG1MF8N/
40,"Baby Bath Cushion, Newborn Bathtub Pillow Anti-Slip Infant Floating Soft Bather Pad Cute Lounger Support Mat (Grey Elephant)",B07ZN5VHZL,KEAIOU,Baby Products,16.99,73034,3,51,0,--,4.3,N/A,https://www.amazon.co.uk/dp/B07ZN5VHZL/
41,Baby Bath Support Lounger Bathtub Bather Bath Pad Five Petals Flower Infant Bathing Cushion Kids Soft Floating Lounger for 0-6 Months (Pink),B07T6KXFN5,Dellcciu,Baby Products,0,127347,2,,1,,4.0,N/A,https://www.amazon.co.uk/dp/B07T6KXFN5/
42,Pinkfong Girls Baby Shark Swimsuit,B083JGKRT9,Pinkfong,Clothing,11.95,43471,47,562,6,,4.6,N/A,https://www.amazon.co.uk/dp/B083JGKRT9/
43,"WSERE Baby Bath Pillow Cushion Padding Soft Infant Lounger for Tub, Must Have Newborn Shower Pad Skid Proof Protect The Spine(Blue)",B07VDDWG9M,WSERE,Baby Products,10.36,11495,21,218,1,,5.0,0.25,https://www.amazon.co.uk/dp/B07VDDWG9M/
44,ranrann Infant Baby Girls One Piece Rash Guard Swimwear Long Sleeves Ruffled Floral Printed Swimsuits Bathing Suit Beachwear,B07VYQ1YP8,ranrann,Clothing,4.95,374958,32,158,1,,5.0,N/A,https://www.amazon.co.uk/dp/B07VYQ1YP8/
45,"Happyshop 18 Baby Bathtub Cushion, Newborn Bath Cushion, Infant Floating Bather Bathtub Pad, Anti-Slip Baby Bath Pillow Pad for Newborn",B083LW2NQD,Happyshop 18,Baby Products,14.99,238006,1,15,0,--,4.3,0.31,https://www.amazon.co.uk/dp/B083LW2NQD/
46,"Baby Bath Support, Adjustable Non-Slip Baby Bath Seat Sling Comfortable Baby Bath Mesh Accessories (Blue)",B07C9YM81G,HBselect,Baby Products,7.59,4236,57,433,496,Aug 12 2018,4.3,0.12,https://www.amazon.co.uk/dp/B07C9YM81G/
47,Disney Boys Mickey Mouse Swim Set,B07NNNCL16,Disney,Clothing,15.95,99057,38,606,50,,4.7,N/A,https://www.amazon.co.uk/dp/B07NNNCL16/
48,"Fisher-Price Rinse and Grow Tub, Grows with Baby from New-born to Toddler with Two Positions and Easy Cleaning, from Birth",B00RAG91M0,Disney,Baby Products,0,16943,14,,131,Jul 14 2018,4.6,0.57,https://www.amazon.co.uk/dp/B00RAG91M0/
49,Eternitry Baby bathtub Bather Bath Pad Infant Five Petals Flower Bathing Cushion Kids Soft Floating Lounger Newborn Pad Boy Girl Tub Foam Mat,B07N1CL5V3,Eternitry,Baby Products,36.46,100345,2,73,19,,4.3,N/A,https://www.amazon.co.uk/dp/B07N1CL5V3/
50,belupai Baby Bath Pad Newborn Baby Foldable Baby Bath Tub Pad Chair Shelf Newborn Bathtub Seat Infant Support Cushion Mat Bath Mat(Blue),B0791ZZN8V,belupai,Baby Products,0,3973,61,,282,Sep 10 2018,4.4,0.23,https://www.amazon.co.uk/dp/B0791ZZN8V/
51,"BISOZER Safer Bather Infant Bath Pad, Floating Soft Baby Bath Pillow & Lounger Newborn Pad Tub Cushion, 0-6 Month Newborn Bath Anti-Slip Cushion Seat, Baby Shower Gift (Brown)",B07J3C759Q,BISOZER-Home,Baby Products,0,327534,1,,0,--,4.3,N/A,https://www.amazon.co.uk/dp/B07J3C759Q/
52,DERNISH Baby Bath Tub Pillow Bath Support Baby Cushion Soft Anti-Slip Bath Seat 0-12M Infant Bath Pillow,B083LXNXWW,DERNISH,Baby Products,9.71,9012,27,262,0,--,4.4,0.29,https://www.amazon.co.uk/dp/B083LXNXWW/
53,"Baby Bath Support Sponge, Sunzit Baby Bath Tub Pillow Floating Anti-Slip Bath Cushion Soft Seat Bathtub Support Baby Bath Support for Newborn",B07WK7XHBM,Sunzit,Baby Products,10.99,31202,8,88,1,Mar 23 2020,5.0,N/A,https://www.amazon.co.uk/dp/B07WK7XHBM/
54,YiZYiF Baby Boys Toddler Stripes Short Sleeve UPF 50+ UV Protective Swimsuit Bathing Suit,B07FNHXDSK,YiZYiF,Clothing,5.39,9482,108,582,12,,4.5,N/A,https://www.amazon.co.uk/dp/B07FNHXDSK/
55,Summer Infant Clean Rinse Baby Bather,B07YL11BVD,Baby Brands Direct Ltd,--,22.99,N/A,,,0,--,0.0,N/A,https://www.amazon.co.uk/dp/B07YL11BVD/
56,"Baby Bather Basin, Portable Collapsible TPR Shower Tub with 4 PCS Bath Sponge Brushes for Infant Boys and Girls, Pink",B083QFP9PD,VSTAR66,--,24.99,N/A,,,0,--,4.5,1.74,https://www.amazon.co.uk/dp/B083QFP9PD/
57,Blooming Bath Lotus - Baby Bath (Gray/Dark Gray),B01N76WSOB,Blooming Bath,Baby Products,37,15505,16,592,1312,,4.6,0.5,https://www.amazon.co.uk/dp/B01N76WSOB/
58,"Safety 1st Swivel Bath Seat, Pink",B00CMR3H04,Safety 1st,Baby Products,12.95,69,1478,19140,4365,Jul 24 2011,4.6,0.8,https://www.amazon.co.uk/dp/B00CMR3H04/
59,Sunsang Newborn Baby Bath Support Net Baby Bather (pink),B07D717ZGG,Sunsang,--,13.99,N/A,,,0,--,4.7,N/A,https://www.amazon.co.uk/dp/B07D717ZGG/
60,"Munchkin Sit and Soak Baby Bath Tub with Built-In Support Bump and Padded Foam Back Rest, Bonus Pull-Tab Drain and Storage Hook, 0-12 Months, White",B07N37BLMX,Munchkin,Baby Products,19.99,673,392,7836,330,Mar 12 2019,4.6,1.08,https://www.amazon.co.uk/dp/B07N37BLMX/
61,CHICTRY Newborn Baby Girls Toddler Cute Polka Dots One Piece Ruffle Skirted Swimsuit Swimwear,B07G9VTYZ4,CHICTRY,Clothing,10.69,12892,88,941,9,,4.7,N/A,https://www.amazon.co.uk/dp/B07G9VTYZ4/
62,"Baby Elegance Bather, Blue",B076PC5MDT,Baby Elegance,Baby Products,6.9,495507,0,0,0,--,3.0,0.4,https://www.amazon.co.uk/dp/B076PC5MDT/
63,"Baby Bath Tub Pillow Pad Foldable Non Slip Baby Bath Pad, Infant Non Slip Safer Bather Bed Foldable Cute Pig Lounger Sponge Mat Soft Toddler Bathing Cushion, 21.26 x12.99in (Rabbit) (Dog)",B07HP1GS8M,Freedconnne,Baby Products,14.89,259624,1,15,0,--,4.3,N/A,https://www.amazon.co.uk/dp/B07HP1GS8M/
64,"Mi 1st Bath Buddy, Award Winning Soft and Supportive Baby Infant Bath Pad, Non-Slip Bath Seat for Infant, Floating Soft Bath Cushion, Newborn Bath Tub Pillow, Quick Dry Fabric(Aqua Frog)",B00MKAM5QK,Minene,Baby Products,24,38883,6,144,28,,4.3,0.4,https://www.amazon.co.uk/dp/B00MKAM5QK/
65,Hatley Baby Boys' One Piece Rash Guard Swimsuits,B07W7LWFYP,Hatley,Clothing,24,1246128,31,744,0,--,0.0,N/A,https://www.amazon.co.uk/dp/B07W7LWFYP/
66,Aqua Scale Digital Baby Bath with Scale White,B00WGSZ8L0,Aquascale,Baby Products,59.95,1028,292,17505,176,Oct 13 2015,4.2,2.2,https://www.amazon.co.uk/dp/B00WGSZ8L0/
67,Summer Infant Waterfall Bather,B01KXF2N38,Summer Infant,Baby Products,39.99,164500,1,40,1,,5.0,1.7,https://www.amazon.co.uk/dp/B01KXF2N38/
68,"Baby Bath Support Cushion Pad , Newborn Infant Toddler Bath Float Anti-Slip Bath Pad Sponge Mat Floating Soft Baby Bather Lounger Bathtub Shower Mesh Comfy Safe Summer Sink Pad for 0-6 Month by Asdomo",B07BT72TD1,Asdomo,Baby Products,37.98,139852,2,76,1,,5.0,0.33,https://www.amazon.co.uk/dp/B07BT72TD1/
69,"Baby Bath Cushion, KAKIBLIN 0-6 Month Newborn Bath Support Lounger Anti-Slip Bath Cushion Pad (Blue Unicorn)",B07PVLZ4WQ,KAKIBLIN,Baby Products,12.99,31696,8,104,61,Nov 14 2017,4.5,N/A,https://www.amazon.co.uk/dp/B07PVLZ4WQ/
70,"Baby Bathtub Mat, Cute Cartoon Newborn Bath Support Pillow, Soft Comfy Quick Dry Fabric Floating Infant Shower Anti-Slip Cushion Adjustable Comfortable Lounger Basin Pad for 0-6 Month (Pink)",B08738JXPK,Aimik,Baby Products,6.99,24598,10,70,0,--,0.0,N/A,https://www.amazon.co.uk/dp/B08738JXPK/
71,YiZYiF Toddlers Baby Girls One-Piece Cute Polka Dots Bowknot Tutu Swimwear Beachwear,B0728JB8B4,YiZYiF,Clothing,4.35,32612,53,231,9,,4.1,N/A,https://www.amazon.co.uk/dp/B0728JB8B4/
