ASIN,Brand,Title,Category,BuyBox,#,Fulfillment ,Price,FBA fee,Sales,Revenue,BSR,Rating,Review Count,Review Velocity,Dimensions,Weight,Size Tier,Images,,
"B085ZDY46S","($) Momcozy","($) Momcozy Baby Muslin Cloths, Baby Wash Cloth 10 Pack 11.8' x 11.8', 100% Cotton Soft Baby Towels Set, Reusable Muslin Squares Cleaning Cloth for Bath, Bibs and Hands, Unisex, Rainbow Colour","($) Baby Products","($) ","1","FBA","12.99","4.12","38","493.62","3,245","4.5","12","0","8.5x12.2x2.0","0.53","Large Standard-Size","8",,
"B086153V8Y","($) Momcozy","($) Momcozy Muslin Cloths for Baby, 8 Pcs Baby Towels, Cotton Baby Wash Cloth, Baby Burp Cloths, Baby Face Cloth, Baby Bath Towel, Kids Towels, Quick Drying Towel for Babies, Girls, Boys, 25x25cm, Blue","($) Baby Products","($) ","1","FBA","9.99","2.43","5","49.95","4,556","-1","0","0","5.4x9.8x0.9","0.22","Large Standard-Size","9",,
"B071L4HDLT","($) Mulinn","($) Baby White Wash Cloths - Natural Muslin Cotton Baby Wipes - Soft Newborn Baby Face Towel and Washcloths for Sensitive Skin- Baby Registry as Shower Gift, 5 Pack 10x10 inches by Mulinn","($) Baby Products","($) ","1","FBA","10.99","3.79","18","197.82","10,783","4","26","4","4.6x6.4x2.4","0.04","Large Standard-Size","9",,
"B07TZP6LY6","Lebze","LifeTree Baby Washcloths Muslin 6 Pack, Baby Face Towel and Wash Cloths for Bath, Soft Baby Muslin Cloths, Wipes, Bibs for Girls & Boys 10.6 x 10.6inch","Baby Products",,"1","FBA","12.90","3.48","738","9,520.20","865","4.5","153","17","4.7x9.8x0.9","0.22","Large Standard-Size","7",,
"B07TSNXF3N","Muslinz","MuslinZ 6pk Baby Muslin Square Burp Cloth 100% Pure Soft Cotton 70x70cm Woodland Print","Baby Products",,"2","FBA","12.99","4.12","453","5,884.47","1,119","4.5","169","11","7.2x9.1x2.0","1.01","Large Standard-Size","3",,
"B008BSX3YS","Muslinz","MuslinZ 12PK 100% Pure Cotton Baby Muslin Squares 70x70cms - White","Baby Products",,"3","AMZ","16.50","4.92","684","11,286.00","542","5","665","7","7.6x10.0x3.5","1.81","Large Standard-Size","3",,
"B085ZXWM9P","Momcozy","Momcozy Baby Muslin Cloths, Baby Wash Cloth 10 Pack 11.8' x 11.8', 100% Cotton Soft Baby Towels Set, Reusable Muslin Squares Cleaning Cloth for Bath, Bibs and Hands, Unisex, White","Baby Products",,"1","FBA","12.99","4.12","3","38.97","6,635","4.5","12","0","8.2x11.8x1.7","0.49","Large Standard-Size","8",,
"B086153V8Y","Momcozy","Momcozy Muslin Cloths for Baby, 8 Pcs Baby Towels, Cotton Baby Wash Cloth, Baby Burp Cloths, Baby Face Cloth, Baby Bath Towel, Kids Towels, Quick Drying Towel for Babies, Girls, Boys, 25x25cm, Blue","Baby Products",,"1","FBA","9.99","2.43","5","49.95","4,556","-1","0","0","5.4x9.8x0.9","0.22","Large Standard-Size","9",,
"B07Q365KFT","Yoofoss","Muslin Squares 10 Pack Baby Muslin Cloths Super Soft & Absorbent Washable at 90°C 35x50cm by YOOFOSS","Baby Products",,"1","FBA","14.99","4.42","715","10,717.85","2,782","4","813","30","6.9x9.0x1.3","0.62","Large Standard-Size","7",,
"B07P5XKKNZ","Littleduck","Littleduck 12Pack Baby Muslin Squares 30X30CM 100% Cotton 2 Layler Natural Newborn Towels Soft Breathable Kids Face Wash Cloth with Printed Design","Baby Products",,"1","MFN","11.99","3.37","166","1,990.34","1,511","4","24","0","6.6x7.3x1.3","0.25","Large Standard-Size","7",,
"B07XJVQ5QS","LEADSTAR","LEADSTAR Baby Muslin Washcloths, 10 PCS Baby Towels Reusable Baby Cotton Squares Face Shower Bath Towel Soft Baby Wiping Bathing Feeding Towel for Newborn Baby Gift","Baby Products",,"1","FBA","14.99","4.52","407","6,100.93","923","4.5","168","29","11.4x11.8x0.9","0.57","Large Standard-Size","8",,
"B07XSZFX2M","BelleStyle","BelleStyle Muslin Washcloths Cotton Natural Baby Towels with Printed Design Soft Newborn Baby Towel for Sensitive Skin Baby 10Pcs","Baby Products",,"1","FBA","14.99","5.27","284","4,257.16","920","4.5","48","5","11.8x12.7x2.5","0.66","Large Standard-Size","8",,
"B081SRVM96","($) Leepem baby","($) Baby Muslin Squares Set，Baby Muslin Wash Cloths for Bath| Baby Face Towel and Washcloths, Baby Registry as Shower Gift (11.8 x11.8 Inches Set of 6) by Leepem baby","($) Baby Products","($) ","1","FBA","13.99","4.24",,,,"4.5","66","0","5.9x7.0x3.6","0.44","Large Standard-Size","9",,
"B07VT5J93T","($) DualVertex","($) 25 Bamboo Terry Washable & Reusable Cloth Organic eco Friendly Biodegradable & Chemical Free Baby Wipes/Face Wipes/Hand Wipes","($) Baby Products","($) ","1","FBA","15.99","4.67","19","303.81","2,686","4.5","32","0","9.3x12.9x1.3","0.88","Large Standard-Size","9",,
"B01FNSBC64","($) CuddleBug","($) Muslin Baby Swaddle Blankets for Boys and Girls 0 to 3 Months - Large 4 x 4 Feet – Unisex 100% Premium Muslin Cotton Baby Blankets - 4 Pack (Safari Friends)","($) Baby Products","($) ","n/a","FBA","29.95","6.93","131","3,923.45","11,954","5","231","10","9.0x13.1x2.8","1.5","Large Standard-Size","9",,
"B0026CL0HW","Little Bamboo","Little Bamboo Muslin Baby Wash Cloths - Pack of 6","Baby Products",,"2","AMZ","6.95","2.61","280","1,946.00","524","4.5","149","3","6.1x8.9x1.6","0.26","Large Standard-Size","5",,
"B07H939ZCN","Muslinz","MuslinZ 6pk Baby Muslin Squares Burp Cloth Grey Star Combo 100% Cotton 70x70cm","Baby Products",,"1","MFN","16.50","4.12","190","3,135.00","1,339","4.5","123","5","7.3x9.4x1.9","1.06","Large Standard-Size","5",,
"B07GR7D4CS","Bloomsbury Mill","Bloomsbury Mill - Pack of 6 x Super Soft Muslin Squares - 100% Pure Cotton Muslin in Gifting Ribbon - Stars, Chevrons & Polka Dots Designs - Blue & White - 70cm x 70cm","Baby Products",,"1","FBA","14.99","4.30","217","3,252.83","2,016","4.5","163","10","9.1x12.8x2.0","0.88","Large Standard-Size","7",,
"B07NSVTFS3","Comfy Cubs","Muslin Burp Cloths 6 Pack Large 100% Cotton Hand Washcloths 6 Layers Extra Absorbent and Soft","Baby Products",,"1","FBA","12.95","4.21","476","6,164.20","1,268","5","2,119","182","7.3x10.7x2.6","0.62","Large Standard-Size","7",,
"B07GR6WDKZ","Bloomsbury Mill","Bloomsbury Mill - Pack of 6 x Super Soft Muslin Squares - 100% Pure Cotton Muslin In Gifting Ribbon - Stars, Chevrons & Polka Dots Designs - Grey & White - 70cm x 70cm","Baby Products",,"1","FBA","14.99","5.05","632","9,473.68","936","4.5","299","23","9.2x13.1x2.0","0.86","Large Standard-Size","7",,
"B07BB1RMBL","Muslinz","MuslinZ 6PK 100% Pure Cotton Baby Muslin Squares 70x70cms - Mint Spot Mix","Baby Products",,"2","MFN","10.99","3.82","175","1,923.25","1,974","4.5","180","3","7.8x9.4x1.7","1.01","Large Standard-Size","5",,
"B083DFLZSQ","PINPOXE","Baby Muslin Squares, Baby Wash Cloth, Baby Washcloths Muslin, Muslin Cotton Baby Wipes, Baby Face Towel and Wash Cloths for Bath, Soft Baby Muslin Cloths, Wipes, Bibs for Girls & Boys, 30 * 30cm","Baby Products",,"1","FBA","17.99","4.97","97","1,745.03","3,757","5","273","80","10.0x12.4x4.2","0.45","Large Standard-Size","9",,
"B081PNLFLQ","Comfy Cubs","Burp Cloths 6 Pack Large 100% Cotton Washcloths Double Layered Burping Cloths Extra Absorbent and Soft (Grey Pattern) - Comfy Cubs","Baby Products",,"1","FBA","14.95","4.41","96","1,435.20","4,681","4.5","27","10","6.3x8.8x1.7","0.55","Large Standard-Size","4",,
"B07GR3YKL5","Bloomsbury Mill","Bloomsbury Mill - Pack of 6 x Super Soft Muslin Squares - 100% Pure Cotton Muslin in Gifting Ribbon - Stars, Chevrons & Polka Dots Designs - Pink & White - 70cm x 70cm","Baby Products",,"1","FBA","14.99","4.52","230","3,447.70","7,552","4.5","196","28","8.8x13.1x2.1","0.84","Large Standard-Size","7",,
"B07TKB3SHV","Chuckle","chuckle 12 Pack Baby Muslin Squares, 30x30cm - Extra Soft 6 Layered Cotton Cloths - Quick Drying, Highly Absorbent, Washable & Reusable Washcloths Baby Face Towel for Newborn Babies.","Baby Products",,"1","FBA","11.99","4.07","39","467.61","12,267","4.5","37","2","9.2x14.8x2.4","0.6","Large Standard-Size","7",,
"B07VVKPXH4","EXTSUD","EXTSUD Baby Muslin Washcloths 10 Pack, 10x 10 Inches Natural Muslin Cotton Baby Wipes, Soft Organic 100% Cotton Extra Soft Baby Wash Cloth Newborn Baby Face Towel and Muslin Washcloth","Baby Products",,"1","FBA","17.99","3.06","287","5,163.13","5,114","4.5","126","2","9.1x10.0x2.3","0.44","Large Standard-Size","7",,
"B07WMYX8W8","Bambino Mio","Bambino Mio, Muslin Squares, Bug's Life, 3 Pack","Baby Products",,"2","AMZ","12.99","4.12","63","818.37","4,012","5","12","0","6.1x8.3x1.7","0.49","Large Standard-Size","6",,
"B07RC17MKR","Tiny Alpaca","Tiny Alpaca Pack of 5 Organic Muslin Squares Baby Burp Cloths 60X60CM Animal Designs","Baby Products",,"1","MFN","17.99","4.75","187","3,364.13","2,550","5","54","3","7.9x9.1x1.7","0.62","Large Standard-Size","4",,
"B01LD2OIW4","Darling","Darling Premium Quality Baby Muslin Squares 100% Cotton Supersoft Pack of 12 (White)","Baby Products",,"2","FBA","11.99","4.24","412","4,939.88","1,117","4.5","36","3","6.9x10.3x3.9","1.98","Large Standard-Size","4",,
"B07J1Q48F4","LEBCO","Animal Friends Set of 4 Muslin Squares","Baby Products",,"1","FBA","13.99","4.27","272","3,805.28","2,104","4.5","129","10","5.9x8.1x1.7","0.4","Large Standard-Size","2",,
"B01DI51BHY","($) MAKIAN","($) Makian - Baby Muslin Squares / Burp Cloth / Swaddles, 10 Pack, Large 80x80 cm, White | Premium Quality - Double Weaved,  OEKO-TEX Certified, washable at 90°C","($) Baby Products","($) ","2","FBA","16.99","4.85","150","2,548.50","3,379","4.5","1,766","44","7.0x9.4x4.4","1.63","Large Standard-Size","7",,
"B0786SVJ72","($) CuddleBug","($) CuddleBug – Muslin Baby Swaddle Blankets for Boys and Girls 0 to 3 Months - Large 4 Feet x 4 Feet – Unisex 100% Premium Muslin Cotton Multifunctional Baby Blankets - 4 Pack (Tutti Frutti)","($) Baby Products","($) ","1","FBA","29.95","6.93","30","898.50","14,644","5","1,445","21","9.1x12.9x2.2","1.76","Large Standard-Size","9",,
"B07HL689MS","($) N/A","($) Amazon Essentials 6-Pack Burp Cloth Infant and Toddler Costumes, Girl Fruit, One size","($) Baby Products","($) ","1","AMZ","13.99","4.24",,,,"4.5","399","48","9.4x10.3x1.3","0.75","Large Standard-Size","1",,
"B083DFLZSQ","($) PINPOXE","($) Baby Muslin Squares, Baby Wash Cloth, Baby Washcloths Muslin, Muslin Cotton Baby Wipes, Baby Face Towel and Wash Cloths for Bath, Soft Baby Muslin Cloths, Wipes, Bibs for Girls & Boys, 30 * 30cm","($) Baby Products","($) ","1","FBA","17.99","4.97","97","1,745.03","3,757","5","273","80","10.0x12.4x4.2","0.45","Large Standard-Size","9",,
"B085ZXWM9P","($) Momcozy","($) Momcozy Baby Muslin Cloths, Baby Wash Cloth 10 Pack 11.8' x 11.8', 100% Cotton Soft Baby Towels Set, Reusable Muslin Squares Cleaning Cloth for Bath, Bibs and Hands, Unisex, White","($) Baby Products","($) ","1","FBA","12.99","4.12","3","38.97","6,635","4.5","12","0","8.2x11.8x1.7","0.49","Large Standard-Size","8",,
"B07ZJJXZM6","($) AVERY ROW","($) Avery Row Muslin washcloths, 0.1 kg","($) Baby Products","($) ","2","AMZ","12.00","3.97","1","12.00","84,706","-1","0","0","5.1x5.7x1.3","0.15","Large Standard-Size","4",,
"B078SNRQSC","PB PEGGYBUY","Baby Muslin Washcloths 6 Pack, 100% Cotton Natural Baby Towels with Printed Design, Newborn Baby Face Towels Bath Wash Cloths, Extra Soft, Absorbent 10.2'x10.2'","Baby Products",,"2","FBA","8.59","2.86","233","2,001.47","1,236","4.5","311","7","6.4x9.3x1.6","0.31","Large Standard-Size","7",,
"B01N0CGRKD","EmJoyShop","3 Pack Large Muslin Squares 80x70cm Natural Cloth Reusable Bibs Wipes 100% Cotton (White)","Baby Products",,"1","MFN","4.99","2.03","40","199.60","9,006","5","1","0","8.7x8.7x0.7","0.4","Small Standard-Size","1",,
"B07BVSM7WQ","Busy Mom","8 Pack Newborn Baby Muslin Washcloths Extra Soft 2 Layers Gauze Premium Natural Cotton Baby Drooling Nursing Towels 30x30cm","Baby Products",,"1","MFN","9.49","2.39","68","645.32","26,602","3.5","61","1","5.0x8.9x1.0","0.22","Large Standard-Size","7",,
"B0724YV7WK","BABY TOWN","Newborn Baby Muslin Cloth Squares (3 Pack 76x76cm) 100% Cotton Swaddle Blanket For Boys & Girls","Baby Products",,"2","MFN","7.99","3.34",,,,"4.5","241","10","6.9x8.7x2.4","0.49","Large Standard-Size","4",,
"B07TJ4XX8G","Lekebaby","Lekebaby Muslin Squares 10 Pack Baby Wash Cloths 12.5' x 12.5' Soft for Newborn, Unisex","Baby Products",,"1","FBA","10.99","3.92","188","2,066.12","1,155","4","97","5","8.3x12.2x2.4","0.64","Large Standard-Size","7",,
"B07JRGGJZW","Bambino Mio","Bambino Mio, Muslin Squares, Rainforest, 3 Pack","Baby Products",,"2","AMZ","12.99","4.12","93","1,208.07","3,974","4.5","40","-73","6.4x8.3x1.7","0.57","Large Standard-Size","6",,
"B0198845PA","Muslinz","Muslinz Luxury Bamboo/Organic Cotton Muslin Squares (70 cm, White/Aqua Blue Leaf Print, Pack of 3) MUZBC-3L70B","Baby Products",,"2","AMZ","12.99","4.00","120","1,558.80","1,893","4.5","52","2","5.3x7.3x1.2","0.71","Large Standard-Size","1",,
"B0836LXRMZ","YTBUBOR","YTBUBOR 2 Pack Baby Muslin Washcloths 120cm × 120cm Cotton Muslin Cartoon Blanket Water Absorbent Face Towel Baby Shower Wipes for Newborn","Baby Products",,"1","FBA","13.99","4.37","27","377.73","7,842","5","1","0","5.0x8.6x2.9","0.66","Large Standard-Size","9",,
"B01GCJTHJC","Bright Bots","Bright Bots Unisex Combo Muslin Squares (70 cm, Pack of 6)","Baby Products",,"3","AMZ","12.99","4.39","214","2,779.86","2,141","4.5","109","5","9.1x10.1x2.0","1.06","Large Standard-Size","3",,
"B01BOW5KPM","Lovjoy","Lovjoy 100% Cotton Muslin Squares - Pack of 6-70 x 70 cm","Baby Products",,"1","FBA","12.99","4.22","186","2,416.14","2,293","4.5","125","2","5.3x9.6x2.4","0.71","Large Standard-Size","7",,
"B005UQQ58U","THE PLANET STORE","Dudu N Girlie 100 Percent Cotton Baby Muslin Squares, 3-Piece, Blue","Baby Products",,"1","AMZ","3.99","2.59","66","263.34","3,689","3.5","15","0","7.7x14.1x1.2","0.47","Large Standard-Size","2",,
"B0868WNG5P","My Little World",,,,"n/a","N/A","0.00","0.00",,,,"-1","0","n/a","n/a",,"n/a",,,
"B014VOJNDA","($) CuddleBug","($) CuddleBug – Muslin Baby Swaddle Blankets for Boys and Girls 0 to 3 Months - Large 4 Feet x 4 Feet – Unisex 100% Premium Muslin Cotton Multifunctional Baby Blankets - 4 Pack (Colorful Critters)","($) Baby Products","($) ","1","FBA","29.95","6.93","19","569.05","19,757","5","1,445","0","8.8x12.9x2.4","1.55","Large Standard-Size","9",,
"B085CMX9SS","($) Buzz B","($) Buzz B- 4 Piece Muslin Baby Essential Set | Muslin Swaddle, Burp Cloth, Large Feeding Bib, Bandana Bib | 70% Bamboo, 30% Cotton | Perfect gift for Baby shower and New mums (Unicorn)","($) Clothing","($) ","1","FBA","22.99","5.62",,,,"-1","0","0","8.4x10.2x1.7","0.66","Large Standard-Size","6",,
"B0722LDLPJ","($) Mama Designs","($) Mama Designs Super Soft 100% Cotton Baby Muslin Squares (Monochrome Pineapple)","($) Baby Products","($) ","1","FBA","15.00","4.30","16","240.00","7,213","4.5","13","0","6.7x10.1x1.3","0.44","Large Standard-Size","9",,
"B002BPZGVA","Bee Bo","12 x Pink Supreme Quality Muslin Squares.100% Cotton","Baby Products",,"1","AMZ","10.99","3.95","139","1,527.61","1,521","4.5","74","0","7.9x15.0x2.8","1.54","Large Standard-Size","2",,
"B00Y1DJG84","Ziggle","Ziggle Baby Luxury Muslin Cloths Squares Stylish Thick Absorbent Cotton Breathable Grey","Baby Products",,"1","FBA","13.99","4.15","102","1,426.98","2,792","4.5","25","0","8.0x9.0x1.9","0.62","Large Standard-Size","6",,
"B01DI51BHY","MAKIAN","Makian - Baby Muslin Squares / Burp Cloth / Swaddles, 10 Pack, Large 80x80 cm, White | Premium Quality - Double Weaved,  OEKO-TEX Certified, washable at 90°C","Baby Products",,"2","FBA","16.99","4.85","150","2,548.50","3,379","4.5","1,766","44","7.0x9.4x4.4","1.63","Large Standard-Size","7",,
"B079Z83QNH","aden + anais","aden by aden + anais 100% cotton muslin swaddle blanket safari babes 4-pack- (112 x 112cm)","Baby Products",,"1","AMZ","29.99","6.80","187","5,608.13","2,619","4.5","105","2","11.4x12.0x2.7","1.41","Large Standard-Size","8",,
"B082TSB47N","Lebze","LifeTree Soft Muslin Cloths for Baby Girls or Boys - Rainbow Print Bamboo Cotton Swaddle Blankets 120 x 120cm","Baby Products",,"1","FBA","14.90","4.51","60","894.00","3,939","5","17","1","3.4x8.1x2.7","0.35","Large Standard-Size","7",,
"B07T3JZPZD","ALBOYI","3 Pack Baby Muslin Washcloths 120cmX120cm Cartoon Cotton Muslin Newborn Towel Large Gauze Squares Babies Swaddle Blanket Shower Wipes by ALBOYI(Fish/Fox/Geometric Print)","Baby Products",,"1","FBA","14.90","4.54","205","3,054.50","1,855","4.5","56","8","8.1x8.3x2.4","0.97","Large Standard-Size","7",,
"B07MYPZPDB","A & B TRADERS","Baby Muslin Squares Cloths | Pack of 12 | 100% Cotton | Superior Quality | White 70 x 70","Baby Products",,"1","MFN","12.95","0.00","28","362.60","6,375","3.5","4","0","n/a","n/a","n/a","2",,
"B07VPGN19J","rongrong","100% Organic Baby Cotton Washcloths 10 Pack, Reusable Baby Wipes, Extra Soft Face/Shower Towels for Newborn Baby, Muslin Squares Organic Cotton,Muslin Squares Baby 30 * 30cm","Baby Products",,"1","FBA","10.90","3.81","82","893.80","19,160","4.5","24","3","8.9x9.5x2.0","0.44","Large Standard-Size","7",,
"B07ZNMYB6K","Lebze","LifeTree Baby Muslin Cloths, Bamboo Cotton Soft Muslin Squares for Baby Girls or Boys (70x70cm), 4 Pack Feather/Dinosaur/Bear/Giraffe Print","Baby Products",,"1","FBA","15.90","4.66","43","683.70","23,675","4","22","2","9.6x10.4x2.0","0.55","Large Standard-Size","7",,
"B081SRVM96","Leepem baby","Baby Muslin Squares Set，Baby Muslin Wash Cloths for Bath| Baby Face Towel and Washcloths, Baby Registry as Shower Gift (11.8 x11.8 Inches Set of 6) by Leepem baby","Baby Products",,"1","FBA","13.99","4.24",,,,"4.5","66","0","5.9x7.0x3.6","0.44","Large Standard-Size","9",,
"B00WWJ46DE","Lovjoy","Lovjoy 100% Cotton Muslin Squares, Blue (70 x 70 cm) - Pack of 6","Baby Products",,"1","FBA","13.99","4.24","42","587.58","9,729","4.5","99","1","4.5x9.9x3.1","0.88","Large Standard-Size","4",,
"B01FNSBC64","CuddleBug","Muslin Baby Swaddle Blankets for Boys and Girls 0 to 3 Months - Large 4 x 4 Feet – Unisex 100% Premium Muslin Cotton Baby Blankets - 4 Pack (Safari Friends)","Baby Products",,"n/a","FBA","29.95","6.93","131","3,923.45","11,954","5","231","10","9.0x13.1x2.8","1.5","Large Standard-Size","9",,
"B017JF8O2E","($) Cuski","($) Cuski Bamboo Reusable Muslin Wipes (Pack of 7) Used Within NHS","($) Baby Products","($) ","3","AMZ","15.99","4.70","12","191.88","12,136","5","9","-1","6.0x6.9x3.1","0.93","Large Standard-Size","1",,
"B079BW5LVS","($) Cuski","($) ","($) ","($) ","n/a","N/A","0.00","0.00",,,,"-1","0","n/a","n/a",,"n/a",,,
"B071WP1BQX","($) Cuski","($) Mussi Cuski Bamboo Muslin Comforter (Charlie)","($) Baby Products","($) ","4","MFN","17.80","4.69","8","142.40","42,989","5","5","0","3.0x9.3x3.0","0.26","Large Standard-Size","1",,
